artist,song,lirik,genre
Ayu Ting Ting,Alamat Palsu,"Ya ya yaaa
Ya ya yaaa

Ke mana ke mana ke mana
Kuharus mencari ke mana
Kekasih tercinta tak tahu rimbanya
Lama tak datang ke rumah

Di mana di mana di mana
Tinggalnya sekarang
Di mana

Ke sana ke mari membawa alamat
Namun yang kutemui bukan dirinya
Sayang yang kuterima alamat palsu

Ku tanya sama teman-teman semua
Tetapi mereka bilang tidak tahu
Sayang mungkin diriku sudah tertipu
Membuat aku frustasi dibuatnya

Di mana di mana di mana
Tinggalnya sekarang
Di mana

Ke sana ke mari membawa alamat
Namun yang kutemui bukan dirinya
Sayang yang kuterima alamat palsu

Ku tanya sama teman-teman semua
Tetapi mereka bilang tidak tahu
Sayang mungkin diriku sudah tertipu
Membuat aku frustasi dibuatnya

Ke mana ke mana ke mana
Kuharus mencari ke mana
Kekasih tercinta tak tahu rimbanya
Lama tak datang ke rumah

Di mana di mana di mana
Tinggalnya sekarang
Di mana",dangdut
Dadido,Aca Aca Nehi Nehi,"mamamamama mau makan mau minum bikin sendiri
cuci baju celana nyetrika pun sendiri
apalagi bila tanggal tua mendekati
aku bagai bujangan yang tak punya istri

nasib memang nasib jadi begini
semuanya apa-apa ku lakukan sendiri
lama-lama mumet juga eh kalo begini
bila talak tilu talak tilu

alala tum jahe jahe aca aca nehi nehi
aduh biyung inyong ora sudi
bila sifatmu terus begitu
pulang saja kau pulang ke rumah orang tuamu

alala tum jahe jahe aca aca nehi nehi
aduh biyung inyong ora sudi
bila dirimu terus begitu
aku pulangkan kamu

maunya aku marah eh aku bingung sendiri
baru mau ngomong eh malah ditinggal pergi (oh ya)
mondar mandir sendiri bingung mau ngapain
ampun gusti ammpuni hambamu ini

bila ada uang abang disayang
bila tak ada, jatah kopi pun hilang
lama-lama kalau begini rontok hatiku
bisa talak tilu talak tilu

alala tum jahe jahe aca aca nehi nehi
aduh biyung inyong ora sudi
bila sifatmu terus begitu
pulang saja kau pulang ke rumah orang tuamu

alala tum jahe jahe aca aca nehi nehi
aduh biyung inyong ora sudi
bila dirimu terus begitu
aku pulangkan kamu

jahe jahe alala tum jahe jahe
nehi nehi aca aca nehi nehi
jahe jahe alala tum jahe jahe
aca aca aca nehi nehi nehi

alala tum jahe jahe aca aca nehi nehi
aduh biyung inyong ora sudi
bila sifatmu terus begitu
pulang saja kau pulang ke rumah orang tuamu

alala tum jahe jahe aca aca nehi nehi
aduh biyung inyong ora sudi
bila dirimu terus begitu
aku pulangkan kamu",dangdut
Denny Caknan,Kartonyono Medot Janji,"Kok kebangeten men
Sambat belas raono perhatian
Jelas kubutuh atimu
Kubutuh awakmu
Kok kebangeten men

Loro ati iki
Tambarno karo tak nggo latihan
Sok nek wes oleh gantimu
Wes ra kajok aku
Mergo wes tau, wes tau jeru

Mbien aku jek betah
Suwe suwe wegah
Nuruti kekarepanmu
Sansoyo bubrah

Mbiyen wes tak wanti-wanti
Ojo ngasi lali
Tapi kenyataanya pergi

Kartonyono ning Ngawi medot janjimu
Ambruk cagak ku nuruti angen angenmu
Sak kabehane wes tak turuti
Tapi malah mblenjani

Budalo malah tak duduhi dalane
Metu kono belok kiri lurus wae
Rasa nyawang sepionmu sing marai ati
Tambah mbebani

Mbien aku jek betah
Suwe suwe wegah
Nuruti kekarepanmu
Sansoyo bubrah

Mbiyen wes tak wanti-wanti
Ojo sampe lali
Tapi kenyataanya pergi

Kartonyono ning Ngawi medot janjimu
Ambruk cagak ku nuruti angen angenmu
Sak kabehane wes tak turuti
Tapi malah mblenjani

Budalo malah tak duduhi dalane
Metu kono belok kiri lurus wae
Rasa nyawang sepionmu sing marai ati
Tambah mbebani",dangdut
Denny Caknan,LOS DOL,"Los Dol, ndang lanjut lehmu WhatsApp-an 
Cek paket datane yen entek tak tukokne 
Tenan, dek, elingo, yen mantan nakokno
Kabarmu, tandane iku ora rindu 
Nanging kangen keringet bareng awakmu 

Tak gawe los dol, blas aku ra rewel 
Nyanding sliramu sing angel disetel 
Tutuk-tutukno chattingan karo wong liyo 
Rapopo, aku ra gelo Kok tutup-tutupi? 

Nomere mbok ganti Firasat ati angel diapusi 
Senajan mbok ganti tukang las 
Bakul sayur lan tukang gas Titeni, bakale ngerti (oh-ah-oh-eh) 

Los Dol, ndang lanjut lehmu WhatsApp-an 
Cek paket datane yen entek tak tukokne 
Tenan, dek, elingo, yen mantan nakokno
Kabarmu, tandane iku ora rindu 
Nanging kangen keringet bareng awakmu 

Kok tutup-tutupi? Nomere mbok ganti 
Firasat ati angel diapusi 
Senajan mbok ganti tukang las 
Bakul sayur lan tukang gas 
Titeni, bakale ngerti (oh-ah-oh-eh) 

Los Dol, ndang lanjut lehmu WhatsApp-an 
Cek paket datane yen entek tak tukokne 
Tenan, dek, elingo, yen mantan nakokno
Kabarmu, tandane iku ora rindu 

Los Dol, ndang lanjut lehmu WhatsApp-an 
Cek paket datane yen entek tak tukokne 
Tenan, dek, elingo, yen mantan nakokno
Kabarmu, tandane iku ora rindu 
Nanging kangen keringet bareng awakmu 
Nanging kangen keringet bareng awakmu 

Los Dol, ndang lanjut lehmu WhatsApp-an 
Cek paket datane yen entek tak tukokne 
Tenan, dek, elingo, yen mantan nakokno
Kabarmu, tandane iku ora rindu 
Nanging kangen keringet bareng awakmu",dangdut
Denny Caknan X Happy Asmara,SATRU,"unine batin dungoku
ra luput ko jenengmu
aku ngedem-ngedem atimu
bakoh mempertahankanmu

Gusti kulo mpun manut dalane
mung jenengan sing ngatur ceritane
sing jelas aku mikir ke depane
opo bakal hubungan satru sakteruse

tulung percoyo aku sayang awakmu
buktine sampeyan nglirik liyane
sumpah ra koyo sing mbok pikir selama iki
mas, isoku meneng, ngajeni awakmu

sepurane yen pancen salah
sepurane yen aku neng uripmu mung masalah
rangkulen aku, iki gur mung salah pahamku

satru, hubungan mung salah pahammu
sampeyan kudu ngerteni, aku cemburu

Gusti kulo mpun manut dalane
mung jenengan sing ngatur ceritane
hoo ooo sing jelas aku mikir ke depane
opo bakal hubungan satru sakteruse

tulung percoyo aku sayang awakmu
buktine sampeyan nglirik liyane
sumpah ra koyo sing mbok pikir selama iki
mas, isoku meneng, ngajeni awakmu

sepurane yen pancen salah
sepurane yen aku neng uripmu mung masalah
rangkulen aku, iki gur mung salah pahamku

unine batin dungoku
ra luput ko jenengmu",dangdut
Elvy Sukaesih,Sekuntum Mawar Merah,"Sekuntum mawar merah
Yang kauberikan kepadaku
Di malam itu
‘Ku mengerti apa maksudmu

Sampai kini kusimpan
Bunga pemberian darimu
Tiap kulihat
‘Ku terkenang pada dirimu

Bunga mawar merah suatu tanda cinta
Yang berarti bahwa kau cinta padaku
Dengan senang hati kuterima cintamu
Karena aku juga cinta kepadamu

Oh bahagia

Dua hati telah berpadu

Sekuntum mawar merah
Yang kau berikan kepadaku
Di malam itu
Ku mengerti apa maksudmu

Bunga mawar merah suatu tanda cinta
Yang berarti bahwa kau cinta padaku
Dengan senang hati kuterima cintamu
Karena aku juga cinta kepadamu

Oh bahagia

Dua hati telah berpadu

Sekuntum mawar merah
Yang kau berikan kepadaku
Di malam itu
Ku mengerti apa maksudmu",dangdut
Fahmi Shahab,Kopi Dangdut,"Kala kupandang kerlip bintang nun jauh disana
Saat kudenger melodi cinta yang menggema
Terasa kembali gelora jiwa mudaku
Karna tersentuh alunan lagu semerdu kopi dangdut

Api asmara yang dahulu pernah membara
Semakin hangat bagai ciuman yang pertama
Detak jantungku seakan ikut irama
karna terlena oleh pesona alunan kopi dangdut

Irama kopi dangdut yang ceria
Menyengat hati menjadi gairah
membuat aku lupa akan cintaku yang telah lalu

Api asmara yang dahulu pernah membara
Semakin hangat bagai ciuman yang pertama
Detak jantungku seakan ikut irama
Karna terlena oleh pesona alunan kopi dangdut

Dag dig dug detak jantungku
Ser ser ser bunyi darahku

Na na na
Mengapa kamu datang lagi menggodaku
Dulu hatiku membeku
Bagaikan segumpal salju

Ku tak mau peduli
biar hitam biar putih
Melangkah berhati hati
Asal jangan nyebur ke kali",dangdut
Icue Wong,Pacar 5 Langkah,"Pacarku memang dekat
Lima langkah dari rumah
Tak perlu kirim surat
Sms juga gak usah

Kalo rindu bertemu
Tinggal ngomong depan pintu
Tangan tinggal melambai
Sambil bilang helo sayang

Duh aduh memang asyik
Punya pacar tetangga
Biaya apel pun irit
Gak usah buang duit

Tak ada malam mingguan
Malam apapun sama

Tiap hari berduaan
Merenda cinta yg mesra

Tidak usah ditelepon
Kalo kangen langsung jalan
Nggak pake sms-an
Lima langkah langsung nyampai

Pacarku memang dekat
Lima langkah dari rumah
Tak perlu kirim surat
Sms juga nggak usah",dangdut
Inul,Buaya Buntung,"dasar kau buaya buntung tung
pacaran kau itung itung tung
dasar kau buaya buntung, mencari untung

kamu datang c-ma bawa cinta ta
kamu datang c-ma bawa sayang yang
apa aku harus makan cinta, dasar buaya
courtesy of liriklagu.asia
buaya buntung, buntung dong
 
dasar kau buaya buntung tung
pacaran kau itung itung tung
dasar kau buaya buntung, mencari untung
 
mau makan mau makan mau makan, maunya dibeliin
mau minum, mau minum, mau minum, maunya diambilin
mau pergi, mau pergi jalan-jalan, maunya dibayarin
minta ini, minta itu, minta anu, maunya diturutin

punya pacar c-ma modal dengkul
tiap hari ngomongnya sebakul
punya pacar c-ma cari untung
memang dasar kau buaya buntung
 
dasar kau buaya buntung tung
pacaran kau itung itung tung
dasar kau buaya buntung, mencari untung

mau makan mau makan mau makan, maunya dibeliin
mau minum, mau minum, mau minum, maunya diambilin
mau pergi, mau pergi jalan-jalan, maunya dibayarin
minta ini, minta itu, minta anu, maunya diturutin
 
punya pacar c-ma modal dengkul
tiap hari ngomongnya sebakul
punya pacar c-ma cari untung
memang dasar kau buaya buntung

dasar kau buaya buntung tung
pacaran kau itung itung tung
dasar kau buaya buntung, mencari untung

kamu datang c-ma bawa cinta ta
kamu datang c-ma bawa sayang yang
apa aku harus makan cinta, dasar buaya

buaya buntung, buntung dong

dasar kau buaya buntung tung
pacaran kau itung itung tung
dasar kau buaya buntung, mencari untung",dangdut
Lissa,Keong Racun,"Dasar kau keong racun
Baru kenal eh ngajak tidur
Ngomong nggak sopan santun
Kau anggap aku ayam kampung

Kau rayu diriku
Kau goda diriku
Kau colek diriku

Eh ku takut sekali
tanpa basa basi kau ngajak happy happy
Eh kau tak tahu malu
Tanpa basa basi kau ngajak happy happy

Mulut kumat kemot
Matanya melotot
Lihat body semok
Pikiranmu jorok

Mentang-mentang kau kaya
Aku dianggap jablay
Dasar koboy kucai
Ngajak check-in dan santai

Sorry sorry sorry jack
Jangan remehkan aku
Sorry sorry sorry bang
Ku bukan cewek murahan

Dasar kau keong racun
Baru kenal eh ngajak tidur
Ngomong nggak sopan santun
Kau anggap aku ayam kampung",dangdut
Nasar,Seperti Mati Lampu,"Janganlah kau tanyakan besarnya cintaku
ku persembahkan untukmu, hanya kepadamu
oh dan janganlah kau ragukan luasnya cintaku
yang putih tulus untukmu, hanya kepadamu

luasnya laut tak seluas cinta yang ku punya
tak sedalam cinta yang ku rasa, cintaku satu untukmu
tingginya langit tak setinggi kasih yang ku punya
tak setinggi kasih yang ku rasa, cintaku satu untukmu

seperti mati lampu ya sayang, seperti mati lampu
cintaku tanpamu ya sayang bagai malam tiada berlalu
seperti mati lampu ya sayang, seperti mati lampu
cintaku tanpamu ya sayang bagai malam tiada berlalu

janganlah kau ragukan luasnya cintaku
yang putih tulus untukmu, hanya kepadamu

luasnya laut tak seluas cinta yang ku punya
tak sedalam cinta yang ku rasa, cintaku satu untukmu
tingginya langit tak setinggi kasih yang ku punya
tak setinggi kasih yang ku rasa, cintaku satu untukmu

seperti mati lampu ya sayang, seperti mati lampu
cintaku tanpamu ya sayang bagai malam tiada berlalu
seperti mati lampu ya sayang, seperti mati lampu
cintaku tanpamu ya sayang bagai malam tiada berlalu

(seperti mati lampu ya sayang, seperti mati lampu
cintaku tanpamu ya sayang bagai malam tiada berlalu)

seperti mati lampu ya sayang, seperti mati lampu
cintaku tanpamu ya sayang bagai malam tiada berlalu",dangdut
Ndarboy Genk,Ambyar Mak Pyar,"Ambyar mak pyar
Balik kanan bubar jalan
Langkah tegak maju
Ninggalke harapan palsu

Durung nembak
Wes ditolak
Atiku wes ikhlas
Mbok gawe babak bundas

Aku cemburu
Weroh kowe mlaku ro kancaku
Nanging aku sadar dudu
Sopo-sopomu

Rong dino rong wengi
Durung mbok balesi
Chat ngucapke selamat pagi
Kowe mbales ojo ngganggu
Lagi ro pacarku

Ambyar mak pyar
Balik kanan bubar jalan
Langkah tegak maju
Ninggalke harapan palsu

Durung nembak
Wes ditolak
Atiku wes ikhlas
Mbok gawe babak bundas

Ra sah dipeksakke
Mikir kowe malah edan dewe
Mergo aku sadar kowe
Wes ono sing nduwe

Senajan loro ati
Kudu dinikmati
Ora perlu ditangisi
Putar gelas lagi

Ambyar mak pyar
Balik kanan bubar jalan
Langkah tegak maju
Ninggalke harapan palsu

Durung nembak
Wes ditolak
Atiku wes ikhlas
Mbok gawe babak bundas

Ambyar mak pyar
Balik kanan bubar jalan
Langkah tegak maju
Ninggalke harapan palsu

Durung nembak
Wes ditolak
Atiku wes ikhlas
Mbok gawe babak bundas

Ambyar mak pyar
Balik kanan bubar jalan
Langkah tegak maju
Ninggalke harapan palsu

Durung nembak
Wes ditolak
Atiku wes ikhlas
Mbok gawe babak bundas

Atiku wes ikhlas
Mbok gawe babak bundas",dangdut
Ndarboy Genk,Mendung Tanpo Udan,"mendung tanpo udan
ketemu lan kelangan
kabeh kui sing diarani perjalanan

awak dewe tau duwe bayangan
besok yen wes wayah omah-omahan
aku moco koran sarungan
kowe belonjo dasteran

nanging saiki wes dadi kenangan
aku karo koe wes pisahan
aku kiri koe kanan, wes bedo dalan

mlaku bebarengan
ben dino sayang-sayangan
sedih lan kebahagiaan
dilewati tahun-tahunan

padu meneng-menengan
bar kui kangen-kangenan
kadang bedo pilihan
nganti pedot balikan

mendung tanpo udan, ketemu lan kelangan
kabeh kui sing diarani perjalanan

awak dewe tau duwe bayangan
besok yen wes wayah omah-omahan
aku moco koran sarungan
kowe belonjo dasteran

nanging saiki wes dadi kenangan
aku karo koe wes pisahan
aku kiri koe kanan, wes bedo dalan

mendung tanpo udan, ketemu lan kelangan
kabeh kui sing diarani perjalanan

awak dewe tau duwe bayangan
besok yen wes wayah omah-omahan
aku moco koran sarungan
kowe belonjo dasteran

nanging saiki wes dadi kenangan
aku karo koe wes pisahan
aku kiri koe kanan, wes bedo dalan

awak dewe tau duwe bayangan
besok yen wes wayah omah-omahan
aku moco koran sarungan
kowe belonjo dasteran

nanging saiki wes dadi kenangan
aku karo koe wes pisahan
aku kiri koe kanan, wes bedo dalan
aku kiri koe kanan, wes bedo dalan",dangdut
Nella Kharisma,Bojo Galak,"Apa salah dan dosaku, sayang
Cinta suciku kau buang-buang
Lihat jurus yang kan ku berikan
Jaran goyang, jaran goyang

Sayang, janganlah kau waton serem
Hubungan kita semula adem
Tapi sekarang kecut bagaikan asem
Semar mesem, semar mesem

Jurus yang sangat ampuh, teruji terpercaya
Tanpa anjuran dokter, tanpa harus muter-muter
Cukup siji solusinya, pergi ke mbah dukun saja
Langsung sambat, ""Mbah, saya putus cinta""

Kalau tidak berhasil, pakai jurus yang kedua
Semar mesem namanya, jaran goyang jodohnya
Cen rodok ndagel syarate, penting di lakoni wae
Ndang di cubo, mesthi kasil terbukti kasiate, genjrot

Dan dudidam aku padamu, I love you
I can't stop loving you oh darling
Jaran goyang menunggumu

Apa salah dan dosaku, sayang, cinta suciku kau buang-buang
Lihat jurus yang kan ku berikan, jaran goyang, jaran goyang
Sayang, janganlah kau waton serem, hubungan kita semula adem
Tapi sekarang kecut bagaikan asem, semar mesem, semar mesem

Wes cukup stop mandekko disek sek sek
Jangan bicara jangan berisek sek sek
Gek ayo ndang mangkat ndukun, rasah kakean ngelamun
Ndukun, ndukun, ndukun ayo ndukun
And slow, woles woles baby baby
Rasakno aku wes wani perih baby
Rungokno, ku alami hal sama dengan dirimu
Bojoku mencampakkan diriku, podo bojomu podo tanggamu

Dan dudidam aku padamu, I love you
I can't stop loving you oh darling
Jaran goyang menunggumu

Apa salah dan dosaku, sayang, cinta suciku kau buang-buang
Lihat jurus yang kan ku berikan, jaran goyang, jaran goyang
Sayang, janganlah kau waton serem, hubungan kita semula adem
Tapi sekarang kecut bagaikan asem, semar mesem, semar mesem

Ini terakhir, cara tuk dapatkan kamu
Jika ini gagal, kan ku racuni dirimu

Apa salah dan dosaku, sayang, cinta suciku kau buang-buang
Lihat jurus yang kan ku berikan, jaran goyang, jaran goyang
Sayang, janganlah kau waton serem, hubungan kita semula adem
Tapi sekarang kecut bagaikan asem, semar mesem, semar mesem

Apa salah dan dosaku, sayang, cinta suciku kau buang-buang
Lihat jurus yang kan ku berikan, jaran goyang, jaran goyang
Sayang, janganlah kau waton serem, hubungan kita semula adem
Tapi sekarang kecut bagaikan asem, semar mesem, semar mesem",dangdut
Nella Kharisma,Jaran Goyang,"Apa salah dan dosaku, sayang
Cinta suciku kau buang-buang
Lihat jurus yang kan ku berikan
Jaran goyang, jaran goyang

Sayang, janganlah kau waton serem
Hubungan kita semula adem
Tapi sekarang kecut bagaikan asem
Semar mesem, semar mesem

Jurus yang sangat ampuh, teruji terpercaya
Tanpa anjuran dokter, tanpa harus muter-muter
Cukup siji solusinya, pergi ke mbah dukun saja
Langsung sambat, ""Mbah, saya putus cinta""

Kalau tidak berhasil, pakai jurus yang kedua
Semar mesem namanya, jaran goyang jodohnya
Cen rodok ndagel syarate, penting di lakoni wae
Ndang di cubo, mesthi kasil terbukti kasiate, genjrot

Dan dudidam aku padamu, I love you
I can't stop loving you oh darling
Jaran goyang menunggumu

Apa salah dan dosaku, sayang, cinta suciku kau buang-buang
Lihat jurus yang kan ku berikan, jaran goyang, jaran goyang
Sayang, janganlah kau waton serem, hubungan kita semula adem
Tapi sekarang kecut bagaikan asem, semar mesem, semar mesem

Wes cukup stop mandekko disek sek sek
Jangan bicara jangan berisek sek sek
Gek ayo ndang mangkat ndukun, rasah kakean ngelamun
Ndukun, ndukun, ndukun ayo ndukun
And slow, woles woles baby baby
Rasakno aku wes wani perih baby
Rungokno, ku alami hal sama dengan dirimu
Bojoku mencampakkan diriku, podo bojomu podo tanggamu

Dan dudidam aku padamu, I love you
I can't stop loving you oh darling
Jaran goyang menunggumu

Apa salah dan dosaku, sayang, cinta suciku kau buang-buang
Lihat jurus yang kan ku berikan, jaran goyang, jaran goyang
Sayang, janganlah kau waton serem, hubungan kita semula adem
Tapi sekarang kecut bagaikan asem, semar mesem, semar mesem

Ini terakhir, cara tuk dapatkan kamu
Jika ini gagal, kan ku racuni dirimu

Apa salah dan dosaku, sayang, cinta suciku kau buang-buang
Lihat jurus yang kan ku berikan, jaran goyang, jaran goyang
Sayang, janganlah kau waton serem, hubungan kita semula adem
Tapi sekarang kecut bagaikan asem, semar mesem, semar mesem

Apa salah dan dosaku, sayang, cinta suciku kau buang-buang
Lihat jurus yang kan ku berikan, jaran goyang, jaran goyang
Sayang, janganlah kau waton serem, hubungan kita semula adem
Tapi sekarang kecut bagaikan asem, semar mesem, semar mesem",dangdut
Rhoma Irama,Begadang,"Begadang jangan begadang
kalau tiada artinya
Begadang boleh saja
kalau ada perlunya

Begadang jangan begadang
kalau tiada artinya
Begadang boleh saja
kalau ada perlunya

Kalau terlalu banyak begadang
Muka pucat karena darah berkurang

Bila sering kena angin malam
Segala penyakit akan mudah datang

Darilah itu sayangi badan
Jangan begadang setiap malam

Begadang jangan begadang
kalau tiada artinya
Begadang boleh saja
kalau ada perlunya

Kalau terlalu banyak begadang
Muka pucat karena darah berkurang

Bila sering kena angin malam
Segala penyakit akan mudah datang

Darilah itu sayangi badan
Jangan begadang setiap malam

Begadang jangan begadang
kalau tiada artinya
Begadang boleh saja
kalau ada perlunya",dangdut
Rhoma Irama,Bujangan,"Katanya enak menjadi bujangan
Ke mana-mana tak ada yang larang
Hidup terasa ringan tanpa beban
Uang belanja tak jadi pikiran
O, bujangan ... bujangan
Bujangan ... bujangan

Enaknya kalau jadi bujangan
Hidup bebas bagai burung terbang
Kantong kosong tidak jadi persoalan

Tapi susahnya menjadi bujangan
Kalau malam tidurnya sendirian
Hanya bantal guling sebagai teman
Mata melotot pikiran melayang
O, bujangan ... bujangan
Bujangan ... bujangan

Susahnya kalau jadi bujangan
Hidup tidak akan bisa tenang
Urusi segala macam sendirian

Ho..., boleh saja hidup membujang
‘Pabila hidup belum mapan
Asalkan jangan suka jajan

Ho..., tidak boleh hidup membujang
Kalau untuk bebas berkencan
Dengan gonta-ganti pasangan

Kalau memang semuanya sudah mungkin
Tentu lebih baik kawin
Karena bahayanya hidup sendirian
Berat menahan godaan",dangdut
Rhoma Irama ft Rita Sugiarto,Cuma Kamu,"cuma kamu sayangku di dunia ini
cuma kamu cintaku di dunia ini
tanpa kamu sunyi ku rasa dunia ini
tanpa kamu hampa ku rasa dunia ini

cuma kamu sayangku di dunia ini
cuma kamu cintaku di dunia ini

tiada kalimat dapat melukiskan
betapa sayangku kepada dirimu
tiada ibarat sebagai umpama
betapa cinta kepada dirimu

itu dapat ku rasa 
dari belai tanganmu
itu dapat ku rasa 
dari pandang matamu

cuma kamu sayangku di dunia ini
cuma kamu cintaku di dunia ini
tanpa kamu sunyi ku rasa dunia ini
tanpa kamu hampa ku rasa dunia ini

cuma kamu sayangku di dunia ini
cuma kamu cintaku di dunia ini",dangdut
Trio Macan,Iwak Peyek,"Ooo ooo ooo ooo
ooo ooo ooo ooo

Iwak peyek iwak peyek iwak peyek nasi jagung
sampek tuek sampek nenek trio macan tetap disanjung
iwak peyek iwak peyek iwak peyek nasi gule
sampek tuek sampek nenek trio macan tetap oke

Ooo ooo ooo ooo

Di sini aku menghibur kamu menyanyi dan bergoyang bersamamu (asolole)
di sini aku mengajak kamu bergembira dan bahagia selalu
di sini aku menghibur kamu menyanyi dan bergoyang bersamamu (asolole)
di sini aku mengajak kamu bergembira dan bahagia selalu

Ooo ooo ooo ooo
ooo ooo ooo ooo

Iwak peyek iwak peyek iwak peyek nasi jagung
sampek tuek sampek nenek trio macan tetap disanjung
iwak peyek iwak peyek iwak peyek nasi gule
sampek tuek sampek nenek trio macan tetap oke

Ooo ooo ooo ooo

Di sini aku menghibur kamu menyanyi dan bergoyang bersamamu (asolole)
di sini aku mengajak kamu bergembira dan bahagia selalu
di sini aku menghibur kamu menyanyi dan bergoyang bersamamu (asolole)
di sini aku mengajak kamu bergembira dan bahagia selalu

Ooo ooo ooo ooo
ooo ooo ooo ooo",dangdut
Adhitia Sofyan,Sesuatu di Jogja,"Hey cantik, coba kau catat
Keretaku tiba pukul empat sore
Tak usah kau tanya aku ceritakan nanti
Hey cantik, kemana saja?
Tak ada berita, sedikit cerita
Tak kubaca lagi pesan di ujung malam
Dan Jakarta muram kehilanganmu
Terang lampu kota tak lagi sama
Sudah saatnya kau tengok puing yang tertinggal
Sampai kapan akan selalu berlari?
Hingga kini masih selalu ku nanti-nanti
Terbawa lagi langkahku ke sana
Mantra apa entah yang istimewa
Ku percaya selalu ada sesuatu di Jogja
Dengar lagu lama ini katanya
Izinkan aku pulang ke kotamu
Ku percaya selalu ada sesuatu di Jogja
Hey cantik, bawa aku jalan
Jalan kaki saja menyusuri kota
Ceritakan semua, ceritamu padaku
Ya Jakarta diam kehilanganmu
Bau wangi hujan tak lagi sama
Sudah saatnya kau jemput musik yang tertinggal
Sampai kapan aku kan bernyanyi sendiri?
Hingga kini masih selalu menanti-nanti
Terbawa lagi langkahku ke sana
Mantra apa entah yang istimewa
Ku percaya selalu ada sesuatu di Jogja
Dengar lagu lama ini katanya
Izinkan aku pulang ke kotamu
Ku percaya selalu ada sesuatu di Jogja
Ingat waktu itu ku bertanya
Aku mau dengar jawabnya
Terbawa lagi langkahku ke sana
Mantra apa entah yang istimewa
Ku percaya selalu ada sesuatu di Jogja
Dengar lagu lama ini katanya
Izinkan aku pulang ke kotamu
Ku percaya selalu ada sesuatu di Jogja",indie
Banda Neira,Sampai Jadi Debu,"Badai Tuan telah berlalu
Salahkah ku menuntut mesra?
Tiap pagi menjelang
Kau di sampingku
Ku aman ada bersamamu
Selamanya
Sampai kita tua
Sampai jadi debu
Ku di liang yang satu
Ku di sebelahmu
Badai Puan telah berlalu
Salahkah ku menuntut mesra?
Tiap taufan menyerang
Kau di sampingku
Kau aman ada bersamaku
Selamanya
Sampai kita tua
Sampai jadi debu
Ku di liang yang satu
Ku di sebelahmu",indie
Daun Jatuh,Resah Jadi Luka,"Ku menemukanmu saat ku terjebak
Di situasi yang membuatku resah
Kau merangkulku di saat yang lain menindasku
Ingin rasanya aku selalu bersamamu
Tapi mengapa tiba-tiba seakan kau pergi
Melepas rangkulanmu dan berhenti melindungiku tanpa sebab
Mungkin alam semesta tak menerimanya
Dan waktu tak memberi kesempatannya
Tapi setidaknya kau telah merubahku
Dari resah menjadi luka
Ku menemukanmu saat aku terjatuh
Ke dalam ruang yang penuh kepahitan
Kau melindungiku di saat yang lain menyerangku
Ingin rasanya aku melihatmu di setiap langkahku
Tapi mengapa tiba-tiba seakan kau pergi
Melepas rangkulanmu dan berhenti melindungiku tanpa sebab
Mungkin alam semesta tak menerimanya
Dan waktu tak memberi kesempatannya
Tapi setidaknya kau telah merubahku
Dari resah menjadi luka ah
Namun aku akan tetap disini
Menunggu alam semesta menerima
Dan angin membawakan jawabannya
Karena detak jantung dan nadiku akan selalu
Merindukanmu",indie
Efek Rumah Kaca,December,"Selalu ada yang bernyanyi dan berelegi
Dibalik awan hitam
Semoga ada yang menerangi sisi gelap ini
Menanti seperti pelangi setia
Menunggu hujan reda
Aku selalu suka sehabis hujan dibulan Desember
Di bulan Desember
Selalu ada yang bernyanyi dan berelegi
Dibalik awan hitam
Semoga ada yang menerangi sisi gelap ini
Menanti seperti pelangi setia
Menunggu hujan reda
Aku selalu suka sehabis hujan dibulan Desember
Di bulan Desember
Sampai nanti ketika hujan tak lagi
Meneteskan duka meretas luka
Sampai hujan memulihkan luka
Aku selalu suka sehabis hujan dibulan Desember
Di bulan Desember
Karna aku selalu suka sehabis hujan dibulan Desember
Di bulan Desember
Seperti pelangi setia
Menunggu hujan reda",indie
Dere,Kota,"Di kota ini sehabis hujan
Desember yang lalu
Di kota ini dalam ruangan
Berpenyejuk udara
Kau dan wangimu bersanding dengan
Riuh angin di luar
Udara mana kini yang kau hirup?
Hujan di mana kini yang kau peluk?
Di mana pun kau kini
Rindu tentangmu tak pernah pergi
Di jalan ini menguning langit
Berkendara denganmu
Tajam mentari menembus pelan
Bening teduh matamu
Kau dan wangimu berpadu utuh
Tabungan kelak rindu
Udara mana kini yang kau hirup?
Hujan di mana kini yang kau peluk?
Di mana pun kau kini, hmm
Rindu tentangmu tak pernah pergi
Udara mana kini yang kau hirup?
Hujan di mana kini yang kau peluk?
Di mana pun kau kini, uh-uuh
Rindu tentangmu tak pernah pergi
Rindu tentangmu tak pernah pergi",indie
Efek Rumah Kaca,Seperti Rahim Ibu,"Dengarlah nyanyi sunyiku
Bait risauku
Rindu terpendamku
Menyala dalam hayatku
Duka padamu
Luka padaku
Saling lebur
Menghalau awan mendung
Kemanusiaan itu
Seperti terang pagi
Merekahkan harapan
Menepis kabut kelam
Niatkan tinju terkepal
Pekik menebal
Terjang aral
Pagi pasti terkejar
Seandainya negeriku
Serupa rahim ibu
Merawat kehidupan
Menguatkan yang rapuh
Seandainya negeriku
Serupa rahim ibu
Merawat kehidupan
Menguatkan yang rapuh
Merawat kehidupan
Menguatkan yang rapuh
Menjadi terang pagi
Menjelma rahim ibu
Menjadi terang pagi
Menjelma rahim ibu",indie
Enau,Negara Lucu,"Sudut pandangku tentang mereka
Yang banyak tanya tanpa membaca
Katanya sekolah, tapi otaknya mana?
Tolong dirubah pola fikirnya
Banyak gaya, kosong isinya
Sedikit gerak, banyak maunya
Bangun, usaha untuk orang rumah
Biar kompormu tetap menyala
Yang susah, gayanya nomer satu
Sana-sini jadi benalu
Ini pandangan dari kacamataku
Tentang negara yang lucu
Bukan jalan buntu
(Huu...) 'Ku coba membantu
(Huu...) Merubah arahmu berlaku
Takkan tampak jika tidak bergerak
Takkan mudah untuk sampai merekah
Tak berwarna, kau tak berbeda
Banyak gaya, kosong isinya
Sedikit gerak, banyak maunya
Bangun, usaha untuk orang rumah
Biar kompormu tetap menyala
Yang susah, gayanya nomer satu
Yang senang hasil nipu
Ini pandangan dari kacamataku
Tentang negara yang lucu
Bukan jalan buntu
(Huu...) 'Ku coba membantu
(Huu...) Merubah arahmu berlaku
Takkan tampak jika tidak bergerak
Takkan mudah untuk sampai merekah
Tak berwarna jika kau tak berbeda
Takkan tampak jika tidak bergerak
Takkan mudah untuk sampai merekah
Tak berwarna, kau tak berbeda, uh
Hoo, takkan tampak jika tidak bergerak
Takkan mudah untuk sampai merekah
Tak berwarna jika kau tak berbeda
Takkan tampak jika tidak bergerak
Takkan mudah untuk sampai merekah
Tak berwarna, kau tak berbeda
Bukan jalan buntu (bukan jalan buntu)
'Ku coba membantu (membantu)
Huu...",indie
Fourtwnty,Fana Merah Jambu,"Di depan teras rumah
Fana merah jambu, ku berdua
Momen-momen tak palsu
Air tuhan turun, aromamu
Tersalurkan aliran syaraf buntu
Martin tua media pembuka
Berdansa sore hariku
Sejiwa alam dan duniamu
Melebur sifat kakuku
Hal bodoh jadi lucu
Obrolan tak perlu kala itu
Oh tersalurkan aliran syaraf buntu
Martin tua media pembuka
Berdansa sore hariku
Sejiwa alam dan duniamu
Melebur sifat kakuku
Rasanya tak cukup waktu
Terlalu cepat berlalu
Soreku nyaman denganmu
Menarilah, menarilah
Menarilah denganku
Genggam tangan cokelatku
Berputar-putar denganku
Menarilah denganku
Menarilah, menarilah
Tersalurkan aliran syaraf buntu
Martin tua media pembuka
Tersalurkan aliran syaraf buntu
Martin tua media pembuka
Media pembuka
Berdansa sore hariku
Sejiwa alam dan duniamu
Melebur sifat kakuku
Rasanya tak cukup waktu
Terlalu cepat berlalu
Soreku nyaman denganmu
Oh Menarilah, menarilah
Oh Menarilah denganku
Genggam tangan cokelatku
Berputar - putar denganku
Menarilah denganku
Menarilah",indie
Fletch,Tiga Pagi,"Dalam diam
Ada luka
Yang tertawa riang
Dan
Hening yang menangis
Terlalu dalam
Dalam diam
Ada luka
Yang tertawa riang
Dan
Hening yang menangis
Terlalu dalam
Ribuan cahaya
Hilangkan gelap
Menatapmu
Tak kuasa
Ku terserap
Kamu meredup
Aku tak hidup
Kamu meredup
Aku tak hidup
Kamu meredup
Dan aku
Tak hidup",indie
Float ,Pulang,"Dan lalu
Rasa itu tak mungkin lagi kini
Tersimpan di hati
Bawa aku pulang, rindu
Bersamamu
Mm-hmm
Dan lalu
Air mata tak mungkin lagi kini
Bicara tentang rasa
Bawa aku pulang, rindu
Segera
Jelajahi waktu
Ke tempat berteduh, hati kala biru
Dan lalu
Sekitarku tak mungkin lagi kini
Meringankan lara
Bawa aku pulang, rindu
Segera
Dan lalu
Oh, langkahku tak lagi jauh kini
Memudar biruku
Jangan lagi pulang
Jangan lagi datang
Jangan lagi pulang, rindu
Pergi jauh
Dan lalu (dan lalu)
Dan lalu (dan lalu)
Dan lalu
Dan lalu",indie
Float ,Sementara,"Sementara
Teduhlah, hatiku
Tidak lagi jauh
Belum saatnya kau jatuh
Sementara
Ingat lagi mimpi
Juga janji-janji
Jangan kau ingkari lagi
Percayalah, hati
Lebih dari ini pernah kita lalui
Jangan henti disini
Sementara
Lupakanlah rindu
Sadarlah, hatiku
Hanya ada kau dan aku
Dan, sementara
Akan kukarang cerita
Tentang mimpi jadi nyata
Untuk asa kita berdua
Percayalah, hati
Lebih dari ini pernah kita lalui
Takkan lagi kita mesti jauh melangkah
Nikmatilah lara
Oh, la na
Oh, wa wa wa
Percayalah, hati
Lebih dari ini pernah kita lalui
Takkan lagi kita mesti jauh melangkah
Nikmatilah lara
Percayalah, hati
Lebih dari ini pernah kita lalui
Takkan lagi kita mesti jauh melangkah
Nikmatilah lara
Untuk sementara saja
Untuk sementara saja",indie
Fourtwnty,Hitam Putih,"Bagai langit dan bumi
Yang tak pernah sealam
Bagai hitam dan putih
Yang tak pernah sewarna
Hanya kita yang merasakannya
Belajar melepaskan dirinya
Walau setengahku bersamanya
Ku yakin kita kan terbiasa
Walau inti jiwa tak terima
Bagai air dan api
Yang tak pernah senyawa
Bagai timur dan barat
Yang tak pernah searah
Belajar melepaskan dirinya
Walau setengahku bersamanya
Kuyakin kita kan terbiasa
Walau inti jiwa tak terima
Hu-uu-uu-uu
Hu-uu-uu-uu
Hu-uu-uu-uu
Hu-uu-uu-uu
Belajar melepaskan dirinya
Walau setengahku bersamanya
Ku yakin kita kan terbiasa
Walau inti jiwa tak terima
Tak terima tak terima
Tak terima tak terima
Tak terima tak terima
Tak terima tak terima
Tak terima tak terima
Tak terima tak terima
Tak terima tak terima
Tak terima tak terima",indie
Fourtwnty,Kusut,"Tolong jauhkan nafsuku
Dari pesona hawamu
Aku terjangkit dan sakit
Terjebak diruang sempit
Membiru indraku
Susah payahku melepasmu
Terlihatku palsu
Tanpa rasamu menjamahku
Tanpa ragamu disampingku
Mungkin bukanlah wujudmu
Ranjang ternyaman bagiku
Henti bergumam hati
Cabutlah biar tak kusut
Membiru indraku
Susah payahku melepasmu
Terlihatku palsu
Tanpa rasamu menjamahku
Tanpa ragamu disampingku
Tanpa eratmu menggenggamku
Tanpa arahmu
Lagi
Menuntunku lagi
Menuntunku lagi
Menuntunku lagi
Menuntunku lagi",
Fourtwnty,Kita Pasti Tua,"Ini cerita ketika tulang mulai menua
Masih mungkin ada hasrat yang menggebu-gebu
Berkumpul dan bernyanyi seperti dulu
Wajah tampanku, keriput dan badanku membungkuk
Rasa ingin tak percaya kini ku menua
Tak menggoda layaknya saat muda
Awas nanti tua
Kita pasti tua
Lemah dan tak bertenaga
Mulai rentan berkelana
Dibalik rambut putihku
Wajah tampanku, keriput dan badanku membungkuk
Rasa ingin tak percaya kini ku telah menua
Tak menggoda layaknya saat muda
Awas nanti tua
Awas nanti tua
Kita pasti tua
Lemah dan tak bertenaga
Mulai rentan berkelana
Dibalik rambut putihku
Kita pasti tua
Mulai pelan dan pelupa
Rabun sudah bola mata
Ada yang tak berubah
Kita pasti tua
Kita pasti tua
Kita pasti tua
Awas nanti tua
Kita pasti tua
Lemah dan tak bertenaga
Mulai rentan berkelana
Dibalik rambut putihku
Kita pasti tua
Mulai pelan dan pelupa
Rabun sudah bola mata
Ada yang tak berubah jiwa masih muda
Jika nanti sudah tua
Mulai jarang bersenggama
Tunggu saja waktunya
Kita pasti tua
Kita pasti tua",indie
Skinnyfabs,Happy,"Living all alone kinda forgot it's been that long
Since someone's gone
I've been trying to be a little bit strong
And it is not that easy to be exactly who I was
My shit is done
Now it's time for me try to moving on
'Cause if you think I'm such a happy person, no
You are wrong by saying my laughter is
Louder than yours, shut your freakin' mouth
No one knows what I feel and what I suffer
No they dont know, so keep your thoughts
And stop assuming that, someone is always fine
I keep thinking why my friends left me
I can go insane
Mom was right about that and now I can't trust again
But I think I don't really need no
Friends I'm alone and it's not that bad
Then again it hurts me so bad and people just don't know that
Maybe this time, I'ma take back what is mine
All the smiles, all the joys are still mine (are still mine)
There will be no more cryin'
There will be no more tryin'
These places I never belong
'Cause this guy now is gone
If you think I'm such a happy person, no
You are wrong by saying my laughter is
Louder than yours, shut your freakin mouth
No one knows what I feel and what I suffer
No they don't know, so keep your thoughts
And stop assuming that, someone is always fine
If you think I'm such a happy person, no
You are wrong by saying my laughter is
Louder than yours, shut your freakin mouth
No one knows what I feel and what I suffer
No they don't know
So keep your thoughts and stop assuming that, someone is always fine",indie
Hindia ft Rara Sekar,Membasuh,"Selama ini
Kunanti
Yang kuberikan datang berbalik
Tak kunjung pulang
Apa pun yang terbilang
Di daftar pamrihku seorang
Telah kusadar hidup bukanlah
Perihal mengambil yang kau tebar
Sedikit air yang kupunya
Milikmu juga bersama
Bisakah kita tetap memberi
Walau tak suci?
Bisakah terus mengobati
Walau membiru?
Cukup besar 'tuk mengampuni
'Tuk mengasihi
Tanpa memperhitungkan masa yang lalu
Walau kering
Bisakah kita tetap membasuh?
Kita bergerak dan bersuara
Berjalan jauh tumbuh bersama
Sempatkan pulang ke beranda
'Tuk mencatat hidup dan harganya
Bisakah kita tetap memberi
Walau tak suci?
Bisakah terus mengobati
Walau membiru?
Cukup besar 'tuk mengampuni
'Tuk mengasihi
Tanpa memperhitungkan masa yang lalu
Walau kering
Bisakah kita tetap membasuh?
Mengering sumurku
Terisi kembali
Kutemukan
Makna hidupku disini
Mengering sumurku
Terisi kembali
Kutemukan
Makna hidupku di sini
Bisakah kita tetap memberi
Walau tak suci?
Bisakah terus mengobati
Walau membiru?
Cukup besar 'tuk mengampuni
'Tuk mengasihi
Tanpa memperhitungkan masa yang lalu
Walau kering
Bisakah kita tetap membasuh?
Membasuh
Mengering sumurku
Terisi kembali
Kutemukan
Makna hidupku di sini
Mengering sumurku
Terisi kembali
Kutemukan
Makna hidupku di sini
Mengering sumurku
Terisi kembali
Kutemukan
Makna hidupku di sini
Mengering sumurku
Terisi kembali
Kutemukan
Makna hidupku di sini",indie
Hindia,Rumah ke Rumah,"Menyesal tak kusampaikan
Cinta monyetku ke Kanya dan Rebecca
Apa kabar kalian di sana
Semoga hidup baik-baik saja
Tak belajar terkena getahnya
Saat bersama Thanya dan Saphira
Kupercaya mungkin bukan jalannya
Namun kalian banyak salah juga
Jika dahulu ku tak cepat berubah
Ini maafku untukmu Sharfina
Segala doa yang baik adanya
Untukmu dan mimpimu yang mulia
Pindah berkala rumah ke rumah
Berharap bisa berujung indah
Walau akhirnya harus berpisah
Trima kasih karna ku tak mudah
Pindah berkala rumah ke rumah
Berharap bisa berujung indah
Walau akhirnya harus berpisah
Trima kasih karna ku tak mudah
Hm
Maaf jika ku sering buat susah
Indisya Panda Anggra Caca Sismita
Prempuan terkuat dalam hidupku
Terjanglah apa pun yang kalian tuju
Kau datang saat gelapku merekah
Seluruh hatiku untukmu Meidiana
Kau pantas dapatkan yang baik di dunia
Smoga kita bertahan lama
Pindah berkala rumah ke rumah
Mengambil pelajaran jika berpisah
Jikalau suatu saat berujung indah
Catat nama kita dalam sejarah
Pindah berkala rumah ke rumah
Mengambil pelajaran jika berpisah
Jikalau suatu saat berujung indah
Catat nama kita dalam sejarah
Letih mengembara rumah ke rumah
Kadang ku lupa akanmu Amalia
Siap sedia tiap ku bercerita
Ku beruntung jadi anakmu Bunda
Pindah berkala rumah ke rumah
Selalu pada dirimu aku berserah
Jika aku disebut dalam sejarah
Mreka takkan lupa karna siapa
Pindah berkala rumah ke rumah
Selalu pada dirimu aku berserah
Jika aku disebut dalam sejarah
Mreka takkan lupa karna siapa",indie
Hindia,Secukupnya,"Kapan terakhir kali kamu dapat tertidur tenang (renggang)
Tak perlu memikirkan tentang apa yang akan datang di esok hari
Tubuh yang berpatah hati bergantung pada gaji
Berlomba jadi asri mengais validasi
Dan aku pun terhadir
Seakan paling mahir
Menenangkan dirimu
Yang merasa terpinggirkan dunia
Tak pernah adil
Kita semua gagal
Angkat minumanmu
Bersedih bersama-sama
Ah ah ah ah
Sia-sia pada akhirnya
Putus asa terekam pedih semua
Masalahnya lebih dari yang secukupnya
Rekam gambar dirimu yang terabadikan bertahun silam
Putra putri sakit hati Ayah Ibu sendiri
Komitmen lama mati hubungan yang menyepi
Wisata masa lalu
Kau hanya merindu
Mencari pelarian
Dari pengabdian yang terbakar sirna
Mengapur berdebu
Kita semua gagal
Ambil sedikit tisu
Bersedihlah secukupnya
Ah ah ah ah
Secukupnya kan masih ada
Penggantinya belum waktunya kau bisa
Menjawabnya ah ah ah ah ah secukupnya
Semua yang sirna kan kembali lagi
Semua yang sirna kan nanti berganti",indie
Kunto Aji,Rehat,"Serah serahkan apa
Masih terjalin suaramu terdengar
Masilahnya rindang bergema
Di ruang-ruang hatimu
Tenangkan hati
Semua ini bukan salahmu
Jangan berhenti
Yang kau takutkan takkan terjadi
Yang dicari hilang
Yang dikejar lari
Yang ditunggu
Yang diharap
Biarkanlah semeta bekerja
Untukmu
Tenangkan hati
Semua ini bukan salahmu
Jangan berhenti
Yang kau takutkan takkan terjadi
Kita coba lagi
Untuk lari berlari
Kita coba lagi
Yang ditunggu
Yang diharap
Biarkanlah semeta bekerja
Untukmu
Tenangkan hati
Semua ini bukan salahmu
Terus berlari
Yang kau takutkan takkan terjadi",indie
Nadin Amizah,Bertaut,"Bun, hidup berjalan seperti bajingan
Seperti landak yang tak punya teman
Ia menggonggong bak suara hujan
Dan kau pangeranku, mengambil peran
Bun, kalau saat hancur ku disayang
Apalagi saat ku jadi juara
Saat tak tahu arah kau di sana
Menjadi gagah saat ku tak bisa
Sedikit kujelaskan tentangku dan kamu
Agar seisi dunia tahu
Keras kepalaku sama denganmu
Caraku marah, caraku tersenyum
Seperti detak jantung yang bertaut
Nyawaku nyala karena denganmu
Aku masih ada sampai di sini
Melihatmu kuat setengah mati
Seperti detak jantung yang bertaut
Nyawaku nyala karena denganmu
Bun, aku masih tak mengerti banyak hal
Semuanya berenang di kepala
Dan kau dan semua yang kau tahu tentangnya
Menjadi jawab saat ku bertanya
Sedikit kujelaskan tentangku dan kamu
Agar seisi dunia tahu
Keras kepalaku sama denganmu
Caraku marah, caraku tersenyum
Seperti detak jantung yang bertaut
Nyawaku nyala karena denganmu
Aku masih ada sampai di sini
Melihatmu kuat setengah mati
Seperti detak jantung yang bertaut
Nyawaku nyala karena denganmu
Semoga lama hidupmu di sini
Melihatku berjuang sampai akhir
Seperti detak jantung yang bertaut
Nyawaku nyala karena denganmu",indie
Nadin Amizah,Rumpang,"Pagi tadi aku masih menangis
Ada rasa yang tak kunjung mati
Ada seseorang di atasku
Menahan semua rasa malu
Sempat ku berpikir masih bermimpi
24/7 tanpa henti
Matahari dan bulan saksinya
Ada rasa yang tak mau hilang
Aku takut sepi tapi yang lain tak berarti
Katanya mimpiku 'kan terwujud
Mereka lupa tentang mimpi buruk
Tentang kata maaf, sayang aku harus pergi
Sudah kuucap semua pinta
Sebelum ku memejamkan mata
Tapi selalu saja kamu tetap harus pergi
Sempat ku berpikir masih bermimpi
Bertahun berlanjut tanpa henti
Kulitmu yang memudar saksinya
Tetap rasaku tak pernah hilang
Aku takut sepi tapi yang lain tak berarti
Katanya mimpiku 'kan terwujud
Mereka lupa tentang mimpi buruk
Tentang kata maaf, sayang aku harus pergi
Sudah kuucap semua pinta
Sebelum ku memejamkan mata
Tapi selalu saja kamu tetap harus pergi
Banyak yang tak ku ahli
Begitu pula menyambutmu pergi
Banyak yang tak ku ahli
Begitu pula menyambutmu pergi
Banyak yang tak ku ahli
Begitu pula menyambutmu tak kembali
Katanya, mimpiku, akan terwujud
Mereka, berbohong, mimpiku tetap semu",indie
Nadin Amizah,Sorai,"Langit dan laut saling membantu
Mencipta awan hujan pun turun
Ketika dunia saling membantu
Lihat cinta mana yang tak jadi satu
Kau memang manusia sedikit kata
Bolehkah aku yang berbicara
Kau memang manusia tak kasat rasa
Biar aku yang mengemban cinta
Awan dan alam saling bersentuh (bersentuh)
Mencipta hangat kau pun tersenyum
Ketika itu kulihat syahdu
Lihat hati mana yang tak akan jatuh
Kau memang manusia sedikit kata
Bolehkah aku yang berbicara
Kau memang manusia tak kasat rasa
Biar aku yang mengemban cinta
Kau dan aku saling membantu
Membasuh hati yang pernah pilu
Mungkin akhirnya tak jadi satu
Namun bersorai pernah bertemu",indie
Pamungkas,Kenangan Manis,"Tawa yang terlepas tanpa ada makna
Cerita lama yang selalu dibawa
Diam-diam hati ini mengerti
Teringat dan jadi ciri tentangmu, tentangmu
'Tuk sementara, sampai berjumpa
Bersama-sama, bercanda lagi
Kenangan manis di hari ini
Jadi alasan untuk kembali
Semua mimpi tinggi dan segala drama
Dijadikan canda, dikeluh bersama
Terkadang-kadang mata bicara
Seakan-akan semua rahasia
Oh, kebodohan antara kita jadi kenangan manis
'Tuk sementara, sampai berjumpa
Bersama-sama, bercanda lagi
Kenangan manis di hari ini
Jadi alasan untuk kembali
'Tuk sementara, sampai berjuma
Bersama-sama, bercanda lagi
Kenangan manis di hari ini
Jadi alasan untuk kembali
Kenangan manis sehari ini
Jadi alasan untuk kembali (alasan untuk kembali)
Yeah, jadi alasan untuk kembali",indie
Tulus,Monokrom,"Lembaran foto hitam putih
Aku coba ingat lagi
Warna bajumu kala itu
Kali pertama di hidupku
Manusia lain memelukku
Lembaran foto hitam putih
Aku coba ingat lagi
Wangi rumah di sore itu
Kue coklat, balon warna-warni
Pesta hari ulang tahunku
Dimanapun kalian berada
Kukirimkan terima kasih
Untuk warna dalam hidupku
Dan banyak kenangan indah
Kau melukis aku
Lembaran foto hitam putih
Kembali teringat malam, kuhitung-hitung bintang
Saat mataku sulit tidur, suaramu buatku lelap
Dimanapun kalian berada
Kukirimkan terima kasih
Untuk warna dalam hidupku
Dan banyak kenangan indah
Kau melukis aku
Kita tak pernah tahu
Berapa lama kita diberi waktu
Jika aku pergi lebih dulu, jangan lupakan aku
Ini lagu untukmu, ungkapan terima kasihku
Lembar monokrom hitam putih
Aku coba ingat warna demi warna dihidupku
Tak akan kumengenal cinta bila bukan karena hati baikmu",pop
Budi Doremi,Melukis Senja,"Aku mengerti perjalanan hidup yang kini kau lalui
Ku berharap meski berat kau tak merasa sendiri
Kau telah berjuang menaklukankan hari-hari mu yang tak mudah
Biar ku menemanimu membasuh lelah mu
Izinkan ku lukis senja
Mengukir namamu di sana
Mendengar kamu bercerita
Menangis tertawa
Biar ku lukis malam
Bawa kamu bintang-bintang
Tuk temanimu yang terluka
Hingga kau bahagia
Aku disini walau letih coba lagi jangan berhenti
Ku berharap meski berat kau tak merasa sendiri
Kau telah berjuang menaklukankan hari-hari mu yang tak indah
Biar ku menemanimu membasuh lelah mu
Izinkan ku lukis senja
Mengukir namamu di sana
Mendengar kamu bercerita
Menangis tertawa
Biar ku lukis malam
Bawa kamu bintang-bintang
Tuk temanimu yang terluka
Hingga kau bahagia hah
Izinkan ku lukis senja
Mengukir namamu di sana
Mendengar kamu bercerita
Menangis tertawa
Biar ku lukis malam
Bawa kamu bintang-bintang
Tuk temanimu yang terluka
Hingga kau bahagia
Tuk temanimu yang terluka
Hingga kau bahagia",pop
Febi Putri ft Fiersa Besari,Runtuh,"Ku terbangun lagi
Diantara sepi hanya pikiran yang ramai
Mengutuki diri
Tak bisa kembali tuk mengubah alur kisah

Ketika mereka meminta tawa
Ternyata rela tak semudah kata

Tak perlu khawatir ku hanya terluka
Terbiasa tuk pura pura tertawa
Namun bolehkah skali saja ku menangis
Sebelum kembali membohongi diri

Ketika kau lelah
Berhentilah dulu, beri ruang, beri waktu
Mereka bilang syukurilah saja
Padahal rela tak semudah kata

Tak perlu khawatir ku hanya terluka
Terbiasa tuk pura pura tertawa
Namun bolehkah skali saja ku menangis
Sebelum kembali membohongi diri

Ha ha ha aaa
Ha ha ha aaa
Ha ha ha aaaa

Kita hanyalah manusia yang terluka
Terbiasa tuk pura pura tertawa
Namun bolehkah skali saja ku menangis
Ku tak ingin lagi membohongi diri
Ku ingin belajar menerima diri",pop
Kaleb J,It's Only me,"Selama ini
Ribuan Hari
Kudekat denganmu
Lewati berbagai hal, ku ada di sisi mu

Tanpa kau tahu perasaan ku padamu
Sendiri ku berharap

Memberi kasih walau tak kembali
I maybe not yours and you’re not mine
But I’ll be there for you when you need me
It is only me
Believe me girl, it’s only me
Yeah, it’s only me!

I will always be the one who pull you up
When everybody push you down
And it’s only me

Believe me girl, it’s only me!
Yeah it’s only me

Sekali pun, kau tak pernah perdulikan rasa ku
Ku takkan acuhkan dirimu

Tapi kuharap

Suatu saat nanti kau tahu
Sendiri ku berharap
Memberi kasih
walau tak kembali

I maybe not yours and you’re not mine
But I’ll be there for you when you need me
It is only me
Believe me girl, it’s only me
Yeah, it’s only me!
I will always be the one who pull you up
When everybody push you down
And it’s only me

Believe me girl, it’s only me!
Yeah it’s only me

Aku memang bukan
Rasa yang kau mau
Namun ku kan slalu ada
Untukmu
Untukmu",pop
Tulus,Pamit,"Tubuh saling bersandar
Ke arah mata angin berbeda
Kau menunggu datangnya malam
Saat kumenanti fajar
Sudah coba berbagai cara
Agar kita tetap bersama
Yang tersisa dari kisah ini
Hanya kau takut kuhilang
Perdebatan apapun menuju kata pisah
Jangan paksakan genggamanmu
Izinkan aku pergi dulu
Yang berubah hanya
Tak lagi kumilikmu
Kau masih bisa melihatku
Kau harus percaya
Kutetap teman baikmu
Sudah coba berbagai cara
Agar kita tetap bersama
Yang tersisa dari kisah ini
Hanya kau takut kuhilang
Perdebatan apapun menuju kata pisah
Jangan paksakan genggamanmu
Yang berubah hanya
Tak lagi kumilikmu
Kau harus percaya
Kutetap teman baikmu
Izinkan aku pergi dulu
Yang berubah hanya
Tak lagi kumilikmu
Kau masih bisa melihatku
Kau harus percaya
Kutetap teman baikmu",pop
Sheila on 7,Anugerah Terindah,"Melihat tawamu
Mendengar senandungmu
Terlihat jelas dimataku
Warna - warna indahmu
Menatap langkahmu
Meratapi kisah hidupmu
Terlihat jelas bahwa hatimu
Anugerah terindah yang pernah kumiliki
Sifatmu nan s'lalu
Redakan ambisiku
Tepikan khilafku
Dari bunga yang layu
Saat kau disisiku
Kembali dunia ceria
Tegaskan bahwa kamu
Anugerah terindah yang pernah kumiliki
Belai lembut jarimu
Sejuk tatap wajahmu
Hangat peluk janjimu
Anugrah terindah yang pernah ku miliki",pop
Eclat Story,Bentuk Cinta,"Aku tak tau apa yang lain
Darimu hari ini
Apa itu karena sepatu flatmu
Atau kukumu yang baru kau warnai
Pernahkah kau bertanya
Seperti apa bentuk air tanpa wadah
Pernah pernahkah kau mengira
Seperti apa bentuk cinta
Rambut warna warni bagai gulali
Imut lucu walau tak terlalu tinggi
Pipi chuby dan kulit putih
Senyum manis gigi kelinci
Membuatku tersadar bentuk cinta itu
Ya kamu
Kini ku tau apa yang lain
Darimu hari ini
Itu bukan karena sepatu flatmu
Atau kukumu yang baru kau warnai
Pernahkah kau bertanya
Seperti apa bentuk air tanpa wadah
Pernah pernahkah kau mengira
Seperti apa bentuk cinta
Rambut warna warni bagai gulali
Imut lucu walau tak terlalu tinggi
Pipi chuby dan kulit putih
Senyum manis gigi kelinci
Membuatku tersadar bentuk cinta itu
Ya kamu
Oh oh
Pernahkah kau bertanya
Seperti apa bentuk air tanpa wadah
Pernah pernahkah kau mengira
Seperti apa bentuk cinta oh
Rambut warna warni bagai gulali
Imut lucu walau tak terlalu tinggi
Pipi chuby dan kulit putih
Senyum manis gigi kelinci yeah
Rambut warna warni bagai gulali
Imut lucu walau tak terlalu tinggi
Pipi chuby dan kulit putih
Senyum manis gigi kelinci
Membuatku tersadar bentuk cinta itu
Ya kamu hu oh
Cuma dirimu hu
Untuku bentuk cinta itu kamu
Oh ya kamu",pop
Glenn Fredly,Januari,"Berat bebanku
Meninggalkanmu
Separuh nafas jiwaku sirna
Bukan salahmu
Apa dayaku
Mungkin benar cinta sejati tak berpihak pada kita
Kasihku
Sampai disini kisah kita
Jangan tangisi keadaannya
Bukan karena kita berbeda
Dengarkan
Dengarkan lagu lagu ini
Melodi rintihan hati ini
Kisah kita
Berakhir di Januari
Selamat tinggal kisah sejatiku
Wow pergilah
Kasihku
Sampai disini kisah kita
Jangan tangisi keadaannya
Bukan karena kita berbeda wow
Dengarkan lagu lagu ini
Melodi rintihan hati ini
Kisah kita berakhir di januari (wow ye he oh)
Dengarkan lagu lagu ini
Melodi rintihan hati ini
Kisah kita berakhir wow
Berakhir
Berakhir di januari (hu)
Berakhir di januari",pop
Jason Mraz,Could I Love You Anymore,"Ooh, ooh, ooh, ooh
Ooh, ooh, ooh, ooh
Full moon, bedroom, stars in your eyes
Last night, the first time that I realized
The glow between us felt so right
We sat on the edge of the bed and you said
""I never knew that I could feel this way""
Love today can be so difficult
But what we have I know is different
'Cause when I'm with you the world stops turning
Could I love you any more?
Could I love you any more?
Could I love you any more?
Sunrise, time flies, feels like a dream
Being close, inhaling, hard to believe
Seven billion people in the world
Finding you is like a miracle
Only this wonder remains
Could I love you any more?
Could I love you any more?
Could I love you any more?
Mmm
Softly, slowly
Love unfolding
Could this love be true?
Could I love you any more?
Could I love you any more?
Could I love you any more?
Could I love you any more? (the question's rhetorical)
Could I love you any more? (oh, this feels phenomenal)
Could I love you any more? (love is all there is)
Could I love you any more? (it's inexhaustible)
Could I love you any more? (oh, love's unstoppable)
Could I love you any more? (love is all there is)
Softly, slowly
Love unfolding (could this love be true?)
Could this love be true?
Could I love you any more?
Could I love you any more?
Could I love you any more?",pop
Azmi,Pernah,"Ada apa kau bertemu dia
Mungkinkah kau ingin bagi cintamu?
Jika memang kau bagi cintamu
Masih pantaskah kujaga hatiku?
Ingatkah semua kata yang kau ucap dulu?
Kau berjanji untuk setia
Kini kutanya ke mana janji itu kau buang?
Pernah sakit tapi tak pernah sesakit ini
Karena pernah cinta tapi tak pernah sedalam ini
Aku ingin semua cintamu hanya untukku
Memang 'ku tak rela kau bagi untuk hati yang lain
Jika memang kau bagi cintamu
Ke mana janji itu kau buang?
Ho-oo-ooo ...
Kau buat 'ku menangis tanpa air mata
Sampai kuteriak pun sudah tak ada suara
Ho-oo-ooo ...
Pernah sakit tapi tak pernah sesakit ini
Karena pernah cinta tapi tak pernah sedalam ini
Aku ingin semua cintamu hanya untukku
Memang 'ku tak rela kau bagi untuk hati yang lain
(Pernah sakit, pernah cinta)
Aku tak rela kau bagi untuk hati yang lain",pop
Shawn Mendes,It'll be Okay,"Are we gonna make it?
Is this gonna hurt?
Oh, we can try to sedate it
But that never works
Yeah
I start to imagine a world where we don't collide
It's making me sick, but we'll heal and the sun will rise
If you tell me you're leaving, I'll make it easy
It'll be okay
If we can't stop the bleeding
We don't have to fix it, we don't have to stay
I will love you either way
Ooh-ooh, it'll be oh, be okay
Ooh-ooh
Oh, the future we dreamed of is fading to black
Oh
Oh, there's nothing more painful
Nothing more painful, oh-woah
I start to imagine a world where we don't collide
And it's making me sick, but we'll heal and the sun will rise
If you tell me you're leaving, I'll make it easy
It'll be okay (It'll be okay)
And if we can't stop the bleeding
We don't have to fix it, we don't have to stay (don't have to stay)
I will love you either way
Ooh-ooh, it'll be oh, be okay
Ooh-ooh
I will love you either way
It might be so sweet
It might be so bitter
I will love you either way
It might be so sweet
It might be so bitter (ooh-ooh)
Oh, if the future we've dreamed of is fading to black
I will love you either way",pop
Pink Sweet,At My Worst,"Can I call you baby?
Can you be my friend?
Can you be my lover up until the very end?
Let me show you love, oh, I don't pretend
Stick by my side even when the world is givin' in, yeah
Oh, oh, oh, don't
Don't you worry
I'll be there, whenever you want me
I need somebody who can love me at my worst
No, I'm not perfect, but I hope you see my worth
'Cause it's only you, nobody new, I put you first
And for you, girl, I swear I'll do the worst
If you stay forever, let me hold your hand
I can fill those places in your heart no else can
Let me show you love, oh, I don't pretend, yeah
I'll be right here, baby, you know I'll sink or swim
Oh, oh, oh, don't
Don't you worry
I'll be there, whenever you want me
I need somebody who can love me at my worst
No, I'm not perfect, but I hope you see my worth, yeah
'Cause it's only you, nobody new, I put you first (put you first)
And for you, girl, I swear I'll do the worst
I need somebody who can love me at my worst
No, I'm not perfect, but I hope you see my worth
'Cause it's only you, nobody new, I put you first
And for you, girl, I swear I'll do the worst",pop
Shawn Mendes,Imagination,"Oh, there she goes again
Every morning it's the same
You walk on by my house
I wanna call out your name
I wanna tell you how beautiful you are from where I'm standing
You got me thinking what we could be 'cause
I keep craving, craving, you don't know it but it's true
Can't get my mouth to say the words they wanna say to you
This is typical of love
Can't wait anymore, I won't wait
I need to tell you how I feel when I see us together forever
In my dreams you're with me
We'll be everything I want us to be
And from there, who knows?
Maybe this will be the night that we kiss for the first time
Or is that just me and my imagination?
We walk, we laugh, we spend our time walking by the ocean side
Our hands are gently intertwined
A feeling I just can't describe
All this time we spent alone, thinking we could not belong to something so damn beautiful
So damn beautiful
I keep craving, craving, you don't know it, but it's true
Can't get my mouth to say the words they wanna say to you
This is typical of love
I can't wait anymore, I won't wait
Need to tell you how I feel when I see us together forever
In my dreams, you're with me
We'll be everything I want us to be
And from there, who knows?
Maybe this will be the night that we kiss for the first time
Or is that just me and my imagination? (Whoa, oh)
Imagination (whoa, oh, whoa, oh)
Imagination (whoa, oh)
(Whoa, oh, whoa, oh, whoa, oh, ooh)
In my dreams, you're with me
We'll be everything I want us to be
And from there, who knows?
Maybe this will be the night that we kiss for the first time
Or is that just me and my imagination
I keep craving, craving, you don't know it, but it's true
Can't get my mouth to say the words they wanna say to you",pop
Ed Sheeran,Perfect,"I found a love for me
Oh darling, just dive right in and follow my lead
Well, I found a girl, beautiful and sweet
Oh, I never knew you were the someone waiting for me
'Cause we were just kids when we fell in love
Not knowing what it was
I will not give you up this time
But darling, just kiss me slow, your heart is all I own
And in your eyes, you're holding mine
Baby, I'm dancing in the dark with you between my arms
Barefoot on the grass, listening to our favourite song
When you said you looked a mess, I whispered underneath my breath
But you heard it, darling, you look perfect tonight
Well I found a woman, stronger than anyone I know
She shares my dreams, I hope that someday I'll share her home
I found a love, to carry more than just my secrets
To carry love, to carry children of our own
We are still kids, but we're so in love
Fighting against all odds
I know we'll be alright this time
Darling, just hold my hand
Be my girl, I'll be your man
I see my future in your eyes
Baby, I'm dancing in the dark, with you between my arms
Barefoot on the grass, listening to our favorite song
When I saw you in that dress, looking so beautiful
I don't deserve this, darling, you look perfect tonight
Baby, I'm dancing in the dark, with you between my arms
Barefoot on the grass, listening to our favorite song
I have faith in what I see
Now I know I have met an angel in person
And she looks perfect
I don't deserve this
You look perfect tonight",pop
Justin Bieber,Lifetime,"Oh darling
There's not much that you can say
To stop me from falling in
Like I am
Oh darling
Even waves can't wash away
Our names in the sand
Never could, never can
You are my everything
I gave up everything
Show me the darkest parts of your heart, I ain't gonna run
Every dance is slow, every kiss is whoa
They say you know when you know, well I know
I know you're the one
Some people bring you a million blessings
Some people teach you a million lessons
All that I learned, it wasn't my turn
It wasn't thе right time
Some peoplе come in your life for a reason
Others they come in your life for a season
But baby, you are a lifetime
Oh darling
There's no word that can describe
The way that I feel, tonight
Oh darling
I would walk that broken road
Time and time again
If it led me to your hello
You are my everything
I gave up everything
Show me darkest parts of your heart, I ain't gonna run
Every dance is slow, every kiss is whoa
They say you know when you know, well I know
I know you're the one
Some people bring you a million blessings
Some people teach you a million lessons
All that I learned, it wasn't my turn
It wasn't the right time
Some people come in your life for a reason
Others they come in your life for a season
Baby, you are a lifetime
Baby, you are a lifetime",pop
Jax,Like My Father,"I wanna come home to roses
And dirty little notes on Post-its
And when my hair starts turning gray
He'll say I'm like a fine wine, better with age
I guess I learned it from my parents
That true love starts with friendship
A kiss on the forehead, a date night
Fake an apology after a fight
I need a man who's patient and kind
Gets out of the car and holds the door
I wanna slow dance in the living room like
We're 18 at senior prom and grow
Old with someone who makes me feel young
I need a man who loves me like
My father loves my mom
I want a road trip in the summers
I wanna make fun of each other
I wanna rock out to Billy Joel
And flip our kids off when they call us old
He'll accidentally burn our dinner
And let me be the scrabble winner
And when my body changes shapes
He'll say, ""Oh my God, you look hot today""
I need a man who's patient and kind
Gets out of the car and holds the door
I wanna slow dance in the living room like
We're 18 at senior prom and grow
Old with someone who makes me feel young
I need a man who loves me like
My father loves my mom
And if he lives up to my father
Maybe he could teach our daughter
What it takes to love a queen
She should know she's royalty
I need a man who's patient and kind
Gets out of the car and holds the door
I wanna slow dance in the living room like
We're 18 at senior prom and grow
Old with someone who makes me feel young
I need a man who loves me like
My father loves my mom
I need a man who loves me like
My father loves my mom",pop
Sam Smith,Too Good At Goodbyes,"You must think that I'm stupid
You must think that I'm a fool
You must think that I'm new to this
But I have seen this all before
I'm never gonna let you close to me
Even though you mean the most to me
'Cause every time I open up, it hurts
So I'm never gonna get too close to you
Even when I mean the most to you
In case you go and leave me in the dirt
But every time you hurt me, the less that I cry
And every time you leave me, the quicker these tears dry
And every time you walk out, the less I love you
Baby, we don't stand a chance, it's sad but it's true
I'm way too good at goodbyes
(I'm way too good at goodbyes)
I'm way too good at goodbyes
(I'm way too good at goodbyes)
I know you're thinkin' I'm heartless
I know you're thinkin' I'm cold
I'm just protectin' my innocence
I'm just protectin' my soul
I'm never gonna let you close to me
Even though you mean the most to me
'Cause every time I open up, it hurts
So I'm never gonna get too close to you
Even when I mean the most to you
In case you go and leave me in the dirt
But every time you hurt me, the less that I cry
And every time you leave me, the quicker these tears dry
And every time you walk out, the less I love you
Baby, we don't stand a chance, it's sad but it's true
I'm way too good at goodbyes
(I'm way too good at goodbyes)
I'm way too good at goodbyes
(I'm way too good at goodbyes)
No way that you'll see me cry
(No way that you'll see me cry)
I'm way too good at goodbyes
(I'm way too good at goodbyes)
No
No, no, no, no, no (I'm way too good at goodbyes)
No, no, no, no
No, no, no (I'm way too good at goodbyes)
(No way that you'll see me cry)
Ah-ah-ah (I'm way too good at goodbyes)
'Cause every time you hurt me, the less that I cry
And every time you leave me, the quicker these tears dry
And every time you walk out, the less I love you
Baby, we don't stand a chance, it's sad but it's true
I'm way too good at goodbyes",pop
Yura Yunita,Cinta dan Rahasia,"Terakhir kutatap mata indahmu
Di bawah bintang bintang
Terbelah hatiku
Antara cinta dan rahasia
Ku cinta padamu
Namun kau milik sahabatku
Dilema hatiku
Andai ku bisa berkata sejujurnya
Jangan kau pilih dia
Pilihlah aku yang mampu mencintamu lebih dari dia
Bukan ku ingin merebutmu dari sahabatku
Namun kau tahu
Cinta tak bisa tak bisa kau salahkan
Ku cinta padamu
Namun kau milik sahabatku
Dilema hatiku
Andai ku bisa berkata sejujurnya
Jangan kau pilih dia
Pilihlah aku yang mampu mencintamu lebih dari dia
Bukan ku ingin merebutmu dari sahabatku
Namun kau tahu
Cinta tak bisa tak bisa kau salahkan
Jangan kau pilih dia
Pilihlah aku yang mampu mencintamu lebih dari dia
Bukan ku ingin merebutmu dari sahabatku
Namun kau tahu
Cinta tak bisa tak bisa kau salahkan
Tak bisa kau salahkan
Tak bisa kau salahkan",pop
Kaleb J,Now I know,"Aku tak menyadari kau t'lah menaruh hati
Kepadaku yang selalu menjadi temanmu
Awalnya ku tak ingin membuka pintu hati
Tak sengaja t'lah terbuka lagi hatiku
Aku salah t'lah mengacuhkanmu
Sampai kau lelah sendiri
Dan memilih tuk pergi
Now I know how much I love you (now I know)
I'm so lost without you
When you're not by my side
Now I know how much I love you (now I know)
And now I know how much I need you
Now I realize
Yes I know it's all too late
Terlambat ku mengerti arti dirimu kasih
Bukan sekedar pengisi hari kau lain
Bahkan saat diriku belum sadar cintamu
Aku tak bisa terlalu jauh darimu
Aku salah t'lah mengacuhkanmu (salahku acuhkanmu)
Sampai kau lelah sendiri
Dan memilih tuk pergi
Now I know how much I love you (now I know)
I'm so lost without you
When you're not by my side
Now I know how much I love you (now I know)
And now I know how much I need you
Now I realize
Yes I know it's all too late
Now I know how much I love you (now I know)
I'm so lost without you
When you're not by my side
Now I know how much I love you (now I know)
And now I know how much I need you
And now it's all too late
It's all too late
Now I know how much I love you (now I know)
I'm so lost without you
When you're not by my side (when you're not by my side)
Now I know (I love you)
How much I love you (I need you)
And I miss you I know how much I need you (and now)
Now I realize
Yes I know it's all too late hm",pop